bookId,book_title
1,흔한남매 12
2,트렌드 코리아 2023 
3,천 원을 경영하라
4,만일 내가 인생을 다시 산다면 (10만 부 기념 스페셜 에디션)
5,아버지의 해방일지
6,불편한 편의점 2
7,설민석의 한국사 대모험 23 
8,불편한 편의점
9,역행자
10,내가 틀릴 수도 있습니다 (리커버 에디션)
11,하얼빈
12,흔한남매 과학 탐험대 6 물리 2
13,이은경쌤의 초등어휘일력 365 
14,이상한 과자 가게 전천당 16
15,원씽 THE ONE THING
16,조국의 법고전 산책
17,2023 임용 면접 레시피 기본서
18,마흔에 읽는 니체
19,데일 카네기 인간관계론
20,세상에서 가장 쉬운 본질육아 [러브드 에디션]
21,"오늘 밤, 세계에서 이 사랑이 사라진다 해도"
22,파친코 1
23,파친코 2
24,하루 한 장 고전 수업
25,랑랑 형제 떡집
26,세상의 마지막 기차역
27,엄마의 말 연습 
28,이 책은 돈 버는 법에 관한 이야기 
29,ETS 토익 정기시험 기출문제집 1000 Vol.3 READING 리딩 
30,부자 아빠 가난한 아빠 20주년 특별 기념판
31,채사장의 지대넓얕 5 : 자본주의의 역습
32,2023 엑시트 플래너 [브라운]
33,레버리지
34,돈의 속성 200쇄 리커버
35,크리스마스 타일
36,ETS 토익 정기시험 기출문제집 1000 Vol.3 LISTENING 리스닝  
37,키위엔 영어회화 하루 5분의 기적
38,2023 사이다 면접 
39,주택청약의 모든 것
40,센스 있는 영어 표현
41,2023년 문재인 일력
42,Go Go 카카오프렌즈 26 폴란드
43,그릿 Grit : 100쇄 기념 리커버 에디션
44,물고기는 존재하지 않는다
45,해커스 토익 기출  VOCA 보카
46,조셉 머피 부의 초월자
47,창발의 시대
48,이어령의 마지막 수업
49,너의 하루가 따숩길 바라
50,머니 트렌드 2023
51,웹 3.0 넥스트 이코노미
52,에그박사 8
53,"다산, 어른의 하루"
54,그리스 로마 신화 31
55,2023 임용 면접 레시피 기출문제집
56,데일 카네기 자기관리론
57,사피엔스
58,긴긴밤
59,클루지
60,나츠메 우인장 28 한정판 
61,스틱!
62,모든 것은 기본에서 시작한다
63,아파트 투자는 사이클이다
64,"우리, 편하게 말해요"
65,블루 아카이브 코믹 앤솔로지 Vol.1&amp;Vol.2 세트
66,꽃을 보듯 너를 본다
67,똥볶이 할멈 4
68,아주 작은 습관의 힘
69,나의 월급 독립 프로젝트 (리마스터 에디션)
70,잘될 수밖에 없는 너에게
71,"밥 챙겨 먹어요, 행복하세요 "
72,"다정한 말, 단단한 말"
73,읽으면서 바로 써먹는 어린이 급수 한자 6·7·8급
74,코스모스
75,돈 버는 절대 회계
76,인생의 역사
77,웰씽킹 WEALTHINKING
78,작별인사
79,거의 모든 일상 표현의 영어
80,"2022 큰별쌤 최태성의 별별한국사 한국사능력검정시험 심화(1, 2, 3급) 상"
81,지적 대화를 위한 넓고 얕은 지식 1
82,"오늘 밤, 세계에서 이 눈물이 사라진다 해도"
83,"어서 오세요, 휴남동 서점입니다"
84,진짜 쓰는 실무 엑셀
85,마음의 법칙
86,"총, 균, 쇠"
87,유난하게 용감하게
88,눈아이
89,달러구트 꿈 백화점 (레인보우 에디션)
90,염증 해방
91,흔한남매 이상한 나라의 고전 읽기 2
92,사이언스 2023 
93,사람을 얻는 지혜
94,주식투자 최적의 타이밍을 잡는 법
95,타이탄의 도구들 (블랙 에디션)
96,최재천의 공부
97,안녕 팝콘
98,"2023 이기적 운전면허 필기 문제은행 1,2종 공통"
99,부의 추월차선 (10주년 스페셜 에디션)
100,백만장자를 위한 공짜 음식 1
101,부동산을 공부할 결심
102,오십에 읽는 논어 (15만 부 기념 리커버 에디션)
103,달러구트 꿈 백화점 2 (레인보우 에디션)
104,종의 기원
105,마마랜스의 일상 니트
106,5년 후 나에게 Q&amp;A a day(2023 Sandglass Edition)
107,밥 프록터 생각의 시크릿 
108,"2022 큰별쌤 최태성의 별별한국사 한국사능력검정시험 심화(1, 2, 3급) 하"
109,이기적 유전자 The Selfish Gene
110,나는 논어를 만나 행복해졌다
111,기분대로 아이를 키우지 않겠습니다 
112,재벌집 막내아들 1
113,‘한 번 더’의 힘
114,작은 땅의 야수들
115,거꾸로 읽는 세계사
116,보이지 않는 곳에서 애쓰고 있는 너에게
117,눈에 보이지 않는 지도책
118,백만장자를 위한 공짜 음식 2
119,아이 마음을 다 안다는 착각 
120,멘탈을 바꿔야 인생이 바뀐다
121,인간 실격
122,야쿠자의 덕질 2 
123,세계 철학 필독서 50
124,해커스 일본어 첫걸음 : 일본어 기초 20일 독학 완성!
125,어린이를 위한 역사의 쓸모 1
126,재벌집 막내아들 2
127,인생의 허무를 어떻게 할 것인가
128,부자의 그릇
129,2023 사이다 수업
130,유난한 도전
131,마법천자문 55 
132,올리버쌤의 미국식 아이 영어 습관 365
133,재벌집 막내아들 3
134,축구를 하며 생각한 것들 (리커버 에디션)
135,나의 히어로 아카데미아 36 더블특전판
136,설민석의 한국사 대모험 22
137,고통의 비밀
138,참 괜찮은 태도
139,어떻게 말해줘야 할까
140,나 혼자만 알고 싶은 실전 심리학 
141,100세 철학자의 행복론
142,이토록 공부가 재미있어지는 순간
143,나의 문화유산답사기 11 : 서울편 3  
144,루이스 영어교원임용 심층면접 &amp; 수업실연 완벽분석
145,흔한남매 11
146,멘탈리티 
147,기분을 관리하면 인생이 관리된다
148,재벌집 막내아들 4
149,지적 대화를 위한 넓고 얕은 지식 제로
150,내가 알고 있는 걸 당신도 알게 된다면 (리커버 에디션) 
151,해커스 토익 RC Reading (리딩) 
152,공정하다는 착각
153,다정한 것이 살아남는다
154,거의 모든 행동 표현의 영어
155,거인의 어깨 1
156,재벌집 막내아들 5
157,부동산 트렌드 2023
158,흔한남매의 흔한 호기심 7
159,아몬드
160,"돈, 뜨겁게 사랑하고 차갑게 다루어라"
161,정재승의 인간탐구보고서 10
162,엉뚱한 기자 김방구
163,이토록 평범한 미래
164,오은영의 화해
165,"부모의 말, 아이의 뇌 "
166,어른의 문해력
167,가재가 노래하는 곳
168,거짓말이 가득한 학교 
169,정리하는 뇌
170,초록담쟁이 365 하루에세이
171,원청
172,"어느 날, 내 죽음에 네가 들어왔다 "
173,모순
174,나의 문화유산답사기 12 : 서울편 4 
175,임신 출산 육아 대백과
176,지적 대화를 위한 넓고 얕은 지식 2
177,어린이를 위한 역사의 쓸모 3
178,"출근길엔 니체, 퇴근길엔 장자"
179,밝은 밤
180,오은영 박사가 전하는 금쪽이들의 진짜 마음속 
181,돈의 심리학
182,일놀놀일
183,언어를 디자인하라 
184,나는 오래된 거리처럼 너를 사랑하고
185,소크라테스 익스프레스
186,미드나잇 라이브러리 : 평행우주 에디션
187,5번 레인
188,회복탄력성
189,초역 니체의 말
190,헤어질 결심 각본
191,흔한남매 과학 탐험대 5 물리 1 
192,너무 잘하려고 애쓰지 마라
193,소리튠 영어혁명
194,데미안
195,망그러진 만화
196,지구 끝의 온실
197,하루 한 장 365 인문학 달력
198,빠르게 실패하기
199,흔한남매 이상한 나라의 고전 읽기 1 
200,아들의 뇌
201,나미야 잡화점의 기적
202,저스트.킵.바잉.
203,오싹오싹 크레용!
204,이코노미스트 2023 세계대전망 
205,데이터는 어떻게 인생의 무기가 되는가
206,어린이를 위한 역사의 쓸모 2
207,슬픔이 택배로 왔다
208,아기 다람쥐의 크리스마스
209,타인의 마음
210,체리새우 : 비밀글입니다
211,알사탕
212,마법의 투자 시나리오 
213,10배의 법칙
214,백년허리2 치료편
215,심판
216,커다란 크리스마스트리가 있었는데
217,회복력 시대
218,"나태주, 시간의 쉼표"
219,미움받을 용기
220,푸른 사자 와니니 4
221,2030 축의 전환
222,ETS 토익 기출 VOCA  출제기관 공식수험서
223,거인의 어깨 2
224,나를 위한 노래
225,꿈은 모르겠고 돈이나 잘 벌고 싶어
226,코믹 어느 날 공주가 되어버렸다 8
227,푸른 사자 와니니 5
228,박철범의 하루 공부법
229,킹덤 (KINGDOM) 65 
230,나는 당신이 행복했으면 좋겠습니다
231,엑시트 EXIT
232,세계를 건너 너에게 갈게
233,지리의 힘
234,요가 다녀왔습니다
235,벌거벗은 한국사 : 인물편 
236,내 아이의 말 습관 
237,위풍당당 여우 꼬리 3
238,해커스 토익 LC Listening (리스닝)
239,한계선을 넘다
240,퀀트 투자 무작정 따라하기
241,월급쟁이 부자로 은퇴하라
242,10대 놀라운 뇌 불안한 뇌 아픈 뇌
243,마지막 몰입 : 나를 넘어서는 힘
244,원피스 ONE PIECE 103
245,세상 쉽고 맛있는 튼이 이유식 
246,아비투스
247,신기한 맛 도깨비 식당 3
248,코믹 어느 날 공주가 되어버렸다 9 
249,유럽 도시 기행 2
250,그레이트 리세션 2023년 경제전망
251,외사랑
252,벌거벗은 한국사 : 사건편 
253,"뇌, 욕망의 비밀을 풀다"
254,가녀장의 시대
255,지리의 힘 2
256,엄마표 또또 한글
257,죽이고 싶은 아이
258,들으면서 익히는 클래식 명곡
259,잘했고 잘하고 있고 잘 될 것이다 (스페셜 리미티드 에디션)
260,순례 주택
261,식사가 잘못됐습니다
262,역사의 쓸모
263,생각하라 그리고 부자가 되어라
264,ETS 토익 단기공략 750+ (LC+RC)
265,미라클 모닝
266,사람을 얻는 지혜 
267,멘탈의 연금술
268,전생했더니 슬라임이었던 건에 대하여 20 초판 한정판 (미니 화보집)
269,정의란 무엇인가
270,프레임
271,지구가 너무도 사나운 날에는
272,구의 증명
273,The Secret 시크릿
274,단순한 열정
275,물릴종목 팔릴종목 나에게 물어봐 세트 
276,2023 에듀윌 사회복지사 1급 단원별 기출문제집
277,우리가 빛의 속도로 갈 수 없다면
278,마케팅이다
279,아주 오랜만에 행복하다는 느낌
280,영화를 빨리 감기로 보는 사람들
281,절연
282,옆집 천사님 때문에 어느샌가 인간적으로 타락한 사연 6 
283,에이든 국내여행 가이드북
284,장수탕 선녀님
285,소리튠 365 액션 플래너
286,노마드 투자자 서한
287,착한 아이 버리기 
288,2023 시나공 총정리 컴퓨터활용능력 1급 필기
289,마음챙김의 시
290,나는 불황에도 여전히 부동산 투자를 한다
291,발타자르 그라시안의 인생 수업
292,생각 아바타
293,나의 투자는 새벽 4시에 시작된다
294,체인소 맨 9 
295,착! 붙는 일본어 독학 첫걸음 
296,마지막 이야기 전달자
297,체인소 맨 11 
298,나츠메 우인장 28 
299,나의 머니 로드
300,백년운동
301,교실 속 갈등상황 100문 101답
302,기분이 태도가 되지 않게
303,혼자 공부하는 파이썬
304,"내일, 내가 다시 좋아지고 싶어"
305,둥실이네 떡집 
306,예의 없는 친구들을 대하는 슬기로운 말하기 사전
307,해커스 보카 Hackers Vocabulary
308,카구야 님은 고백 받고 싶어 25 
309,백년허리1 진단편
310,체인소 맨 8 
311,체인소 맨 10 
312,푸른 사자 와니니
313,의사 어벤저스 10
314,주술회전 21 + 2023 캘린더 한정판
315,벤저민 그레이엄의 13가지 부자 수업 
316,어른의 문장력
317,어린이를 위한 초등 매일 글쓰기의 힘 : 세줄쓰기 
318,2022 큰별쌤 최태성의 별별한국사 기출 500제 한국사능력검정시험 심화
319,흔한남매 과학 탐험대 1 우주
320,여덟 단어
