book_id,book_title
1,트렌드 코리아 2023 
2,흔한남매 12
3,만일 내가 인생을 다시 산다면 (10만 부 기념 스페셜 에디션)
4,불편한 편의점 2
5,천 원을 경영하라
6,불편한 편의점
7,아버지의 해방일지
8,내가 틀릴 수도 있습니다 (리커버 에디션)
9,역행자
10,하얼빈
11,설민석의 한국사 대모험 23 
12,"오늘 밤, 세계에서 이 사랑이 사라진다 해도"
13,조국의 법고전 산책
14,이은경쌤의 초등어휘일력 365 
15,원씽 THE ONE THING
16,흔한남매 과학 탐험대 6 물리 2
17,파친코 1
18,데일 카네기 인간관계론
19,마흔에 읽는 니체
20,파친코 2
21,모든 것은 기본에서 시작한다
22,세상의 마지막 기차역
23,이상한 과자 가게 전천당 16
24,엄마의 말 연습 
25,하루 한 장 고전 수업
26,웹 3.0 넥스트 이코노미
27,세상에서 가장 쉬운 본질육아 [러브드 에디션]
28,물고기는 존재하지 않는다
29,돈의 속성 200쇄 리커버
30,랑랑 형제 떡집
31,이어령의 마지막 수업
32,ETS 토익 정기시험 기출문제집 1000 Vol.3 READING 리딩 
33,부자 아빠 가난한 아빠 20주년 특별 기념판
34,머니 트렌드 2023
35,너의 하루가 따숩길 바라
36,데일 카네기 자기관리론
37,크리스마스 타일
38,주택청약의 모든 것
39,레버리지
40,이 책은 돈 버는 법에 관한 이야기 
41,키위엔 영어회화 하루 5분의 기적
42,ETS 토익 정기시험 기출문제집 1000 Vol.3 LISTENING 리스닝  
43,사피엔스
44,내가 산 주식은 왜 안 오를까?
45,넥스트
46,머니카피
47,작별인사
48,5년 후 나에게 Q&amp;A a day(2023 Sandglass Edition)
49,그릿 GRIT(골드 에디션)
50,해커스 토익 기출  VOCA 보카
51,안녕 팝콘
52,채사장의 지대넓얕 5 : 자본주의의 역습
53,지적 대화를 위한 넓고 얕은 지식 1
54,아주 작은 습관의 힘
55,창발의 시대
56,스틱!
57,긴긴밤
58,"오늘 밤, 세계에서 이 눈물이 사라진다 해도"
59,"다산, 어른의 하루"
60,에그박사 8
61,인생의 역사
62,네모아저씨의 페이퍼 블레이드 5 마스터십
63,축구를 하며 생각한 것들 (리커버 에디션)
64,코스모스
65,거의 모든 일상 표현의 영어
66,2023 임용 면접 레시피 기본서
67,"2022 큰별쌤 최태성의 별별한국사 한국사능력검정시험 심화(1, 2, 3급) 상"
68,잘될 수밖에 없는 너에게
69,달러구트 꿈 백화점 (레인보우 에디션)
70,센스 있는 영어 표현
71,눈아이
72,마음의 법칙
73,"어서 오세요, 휴남동 서점입니다"
74,꽃을 보듯 너를 본다
75,읽으면서 바로 써먹는 어린이 급수 한자 6·7·8급
76,클루지
77,달러구트 꿈 백화점 2 (레인보우 에디션)
78,돈 버는 절대 회계
79,Go Go 카카오프렌즈 26 폴란드
80,진짜 쓰는 실무 엑셀
81,아파트 투자는 사이클이다
82,재벌집 막내아들 1
83,웰씽킹 WEALTHINKING
84,"다정한 말, 단단한 말"
85,똥볶이 할멈 4
86,최재천의 공부
87,"2022 큰별쌤 최태성의 별별한국사 한국사능력검정시험 심화(1, 2, 3급) 하"
88,숲속의 담 6 
89,그리스 로마 신화 31
90,오십에 읽는 논어 (15만 부 기념 리커버 에디션)
91,오늘부터 시작하는 건강 일력 365
92,복잡한 세상을 이기는 수학의 힘
93,이기적 유전자 The Selfish Gene
94,나의 월급 독립 프로젝트 (리마스터 에디션)
95,부의 추월차선 (10주년 스페셜 에디션)
96,"우리, 편하게 말해요"
97,타이탄의 도구들 (블랙 에디션)
98,스킵과 로퍼 3 
99,조셉 머피 부의 초월자
100,엉뚱한 기자 김방구
101,사람을 얻는 지혜
102,거꾸로 읽는 세계사
103,재벌집 막내아들 2
104,불안
105,눈에 보이지 않는 지도책
106,염증 해방
107,"총, 균, 쇠"
108,계속 가보겠습니다
109,재벌집 막내아들 3
110,2023 엑시트 플래너 [브라운]
111,이토록 공부가 재미있어지는 순간
112,멘탈을 바꿔야 인생이 바뀐다
113,흔한남매 이상한 나라의 고전 읽기 2
114,하나님의 숨결
115,"2023 이기적 운전면허 필기 문제은행 1,2종 공통"
116,보이지 않는 곳에서 애쓰고 있는 너에게
117,재벌집 막내아들 4
118,천문학자는 별을 보지 않는다
119,인간 실격
120,재벌집 막내아들 5
121,부동산 변곡점이 왔다 
122,올리버쌤의 미국식 아이 영어 습관 365
123,지적 대화를 위한 넓고 얕은 지식 제로
124,머니 파워
125,만화 이번 생은 가주가 되겠습니다 1부. 1-2권 한정판 세트 
126,부동산 트렌드 2023
127,주식투자 최적의 타이밍을 잡는 법
128,아몬드
129,원청
130,이토록 평범한 미래
131,사이언스 2023 
132,지적 대화를 위한 넓고 얕은 지식 2
133,해커스 일본어 첫걸음 : 일본어 기초 20일 독학 완성!
134,참 괜찮은 태도
135,어떻게 말해줘야 할까
136,오은영의 화해
137,흔한남매 11
138,커다란 크리스마스트리가 있었는데
139,어린이를 위한 역사의 쓸모 1
140,2023 사이다 면접 
141,어른의 문해력
142,다정한 것이 살아남는다
143,"밥 챙겨 먹어요, 행복하세요 "
144,종의 기원
145,나 혼자만 알고 싶은 실전 심리학 
146,내가 알고 있는 걸 당신도 알게 된다면 (리커버 에디션) 
147,이코노미스트 2023 세계대전망 
148,부자의 그릇
149,거인의 어깨 1
150,멘탈리티 
151,흔한남매의 흔한 호기심 7
152,설민석의 한국사 대모험 22
153,야쿠자의 덕질 2 
154,초역 니체의 말
155,작은 땅의 야수들
156,아기 다람쥐의 크리스마스
157,거의 모든 행동 표현의 영어
158,돈의 심리학
159,2023 임용 면접 레시피 기출문제집
160,회복탄력성
161,체리새우 : 비밀글입니다
162,유난한 도전
163,"어느 날, 내 죽음에 네가 들어왔다 "
164,"나태주, 시간의 쉼표"
165,마법천자문 55 
166,임신 출산 육아 대백과
167,오은영 박사가 전하는 금쪽이들의 진짜 마음속 
168,퀀트 투자 무작정 따라하기
169,기분을 관리하면 인생이 관리된다
170,어린이를 위한 역사의 쓸모 3
171,만화 악역의 엔딩은 죽음뿐 5 한정판 
172,ETS 토익 기출 VOCA  출제기관 공식수험서
173,"돈, 뜨겁게 사랑하고 차갑게 다루어라"
174,백만장자를 위한 공짜 음식 1
175,미드나잇 라이브러리 : 평행우주 에디션
176,공정하다는 착각
177,인생의 허무를 어떻게 할 것인가
178,100세 철학자의 행복론
179,아비투스
180,착한 아이 버리기 
181,모순
182,밥 프록터 생각의 시크릿 
183,데미안
184,나의 문화유산답사기 11 : 서울편 3  
185,지구 끝의 온실
186,너무 잘하려고 애쓰지 마라
187,노마드 투자자 서한
188,심판
189,기분대로 아이를 키우지 않겠습니다 
190,소크라테스 익스프레스
191,나는 오래된 거리처럼 너를 사랑하고
192,헤어질 결심 각본
193,블루 아카이브 코믹 앤솔로지 Vol.1&amp;Vol.2 세트
194,"출근길엔 니체, 퇴근길엔 장자"
195,아들의 뇌
196,발타자르 그라시안의 인생 수업
197,죽이고 싶은 아이
198,정리하는 뇌
199,미움받을 용기
200,지리의 힘
201,어린이를 위한 역사의 쓸모 2
202,세계 철학 필독서 50
203,밝은 밤
204,2023 에듀윌 사회복지사 1급 단원별 기출문제집
205,흔한남매 과학 탐험대 5 물리 1 
206,5번 레인
207,알사탕
208,흔한남매 이상한 나라의 고전 읽기 1 
209,거인의 어깨 2
210,망그러진 만화
211,하루 한 장 365 인문학 달력
212,구의 증명
213,슬픔이 택배로 왔다
214,나는 당신이 행복했으면 좋겠습니다
215,강성태 66일 영어회화
216,부동산을 공부할 결심
217,마마랜스의 일상 니트
218,백만장자를 위한 공짜 음식 2
219,"칵테일, 러브, 좀비"
220,원피스 ONE PIECE 103
221,나미야 잡화점의 기적
222,사람을 얻는 지혜 
223,지리의 힘 2
224,세계를 건너 너에게 갈게
225,정재승의 인간탐구보고서 10
226,빠르게 실패하기
227,미키7
228,하루 교양 공부
229,잘했고 잘하고 있고 잘 될 것이다 (스페셜 리미티드 에디션)
230,백년허리2 치료편
231,나의 히어로 아카데미아 36 더블특전판
232,해커스 토익 스타트 RC Reading (리딩)
233,고통의 비밀
234,방구석 미술관
235,옆집 천사님 때문에 어느샌가 인간적으로 타락한 사연 6 
236,정의란 무엇인가
237,푸른 사자 와니니 5
238,가재가 노래하는 곳
239,내 마음의 위험한 녀석 7 초판 한정판 
240,나의 문화유산답사기 12 : 서울편 4 
241,10배의 법칙
242,2022 큰별쌤 최태성의 별별한국사 기출 500제 한국사능력검정시험 심화
243,프레임
244,기분이 태도가 되지 않게
245,소리튠 영어혁명
246,순례 주택
247,타인의 마음
248,언어를 디자인하라 
249,푸른 사자 와니니 4
250,생각하라 그리고 부자가 되어라
251,에이든 국내여행 가이드북
252,테스터
253,한계선을 넘다
254,의사 어벤저스 10
255,신기한 맛 도깨비 식당 3
256,백년허리1 진단편
257,여행의 이유
258,‘한 번 더’의 힘
259,오싹오싹 크레용!
260,멘탈의 연금술
261,설전도 수련관 1
262,한경아르떼 합스부르크 600년 매혹의 걸작들 100배 즐기기
263,세상 쉽고 맛있는 튼이 이유식 
264,포켓몬스터 썬&amp;문 포켓몬 전국대도감
265,기억 전달자
266,찰리 멍거 바이블 
267,돌봄과 작업
268,백년운동
269,ETS 토익 단기공략 750+ (LC+RC)
270,교실 속 갈등상황 100문 101답
271,나는 논어를 만나 행복해졌다
272,50 대 50
273,일놀놀일
274,꿈은 모르겠고 돈이나 잘 벌고 싶어
275,비상식적 성공 법칙
276,부의 인문학 (20만부 기념 개정증보판)
277,고양이 해결사 깜냥 4
278,혼자 공부하는 파이썬
279,산타클로스와 산타 마을의 일 년
280,10대 놀라운 뇌 불안한 뇌 아픈 뇌
281,외사랑
282,벌거벗은 한국사 : 사건편 
283,코믹 어느 날 공주가 되어버렸다 8
284,위풍당당 여우 꼬리 3
285,저스트.킵.바잉.
286,들으면서 익히는 클래식 명곡
287,마지막 이야기 전달자
288,유럽 도시 기행 2
289,아주 오랜만에 행복하다는 느낌
290,2023 시나공 총정리 컴퓨터활용능력 1급 필기
291,착! 붙는 일본어 독학 첫걸음 
292,보도 섀퍼의 돈
293,가녀장의 시대
294,마지막 몰입 : 나를 넘어서는 힘
295,마음챙김의 시
296,호암자전
297,사지 않는 생활 
298,"뇌, 욕망의 비밀을 풀다"
299,환자 혁명
300,단순한 열정
301,박철범의 하루 공부법
302,50센티 더 가까워지는 선물보다 좋은 말
303,데이터는 어떻게 인생의 무기가 되는가
304,설중환 교수와 함께 배우는 한자성어 2 
305,장수탕 선녀님
306,2023 사이다 수업
307,코믹 어느 날 공주가 되어버렸다 9 
308,흔한남매 과학 탐험대 1 우주
309,역사의 쓸모
310,"내일, 내가 다시 좋아지고 싶어"
311,흔한남매 10
312,똑게육아
313,벌거벗은 한국사 : 인물편 
314,아들에게는 아들의 속도가 있습니다 
315,2023 써니 행정법총론 기출문제집
316,우리가 빛의 속도로 갈 수 없다면
317,예의 없는 친구들을 대하는 슬기로운 말하기 사전
318,마법의 투자 시나리오 
319,어디 있을까? 숨은그림찾기 1000
320,28시간에 끝내는 토익스피킹 스타트
321,트렌드 코리아 2023 
322,흔한남매 12
323,만일 내가 인생을 다시 산다면 (10만 부 기념 스페셜 에디션)
324,불편한 편의점 2
325,천 원을 경영하라
326,불편한 편의점
327,아버지의 해방일지
328,내가 틀릴 수도 있습니다 (리커버 에디션)
329,역행자
330,하얼빈
331,설민석의 한국사 대모험 23 
332,"오늘 밤, 세계에서 이 사랑이 사라진다 해도"
333,조국의 법고전 산책
334,이은경쌤의 초등어휘일력 365 
335,원씽 THE ONE THING
336,흔한남매 과학 탐험대 6 물리 2
337,파친코 1
338,데일 카네기 인간관계론
339,마흔에 읽는 니체
340,파친코 2
341,모든 것은 기본에서 시작한다
342,세상의 마지막 기차역
343,이상한 과자 가게 전천당 16
344,엄마의 말 연습 
345,하루 한 장 고전 수업
346,웹 3.0 넥스트 이코노미
347,세상에서 가장 쉬운 본질육아 [러브드 에디션]
348,물고기는 존재하지 않는다
349,돈의 속성 200쇄 리커버
350,랑랑 형제 떡집
351,이어령의 마지막 수업
352,ETS 토익 정기시험 기출문제집 1000 Vol.3 READING 리딩 
353,부자 아빠 가난한 아빠 20주년 특별 기념판
354,머니 트렌드 2023
355,너의 하루가 따숩길 바라
356,데일 카네기 자기관리론
357,크리스마스 타일
358,주택청약의 모든 것
359,레버리지
360,이 책은 돈 버는 법에 관한 이야기 
361,키위엔 영어회화 하루 5분의 기적
362,ETS 토익 정기시험 기출문제집 1000 Vol.3 LISTENING 리스닝  
363,사피엔스
364,내가 산 주식은 왜 안 오를까?
365,넥스트
366,머니카피
367,작별인사
368,5년 후 나에게 Q&amp;A a day(2023 Sandglass Edition)
369,그릿 GRIT(골드 에디션)
370,해커스 토익 기출  VOCA 보카
371,안녕 팝콘
372,채사장의 지대넓얕 5 : 자본주의의 역습
373,지적 대화를 위한 넓고 얕은 지식 1
374,아주 작은 습관의 힘
375,창발의 시대
376,스틱!
377,긴긴밤
378,"오늘 밤, 세계에서 이 눈물이 사라진다 해도"
379,"다산, 어른의 하루"
380,에그박사 8
381,인생의 역사
382,네모아저씨의 페이퍼 블레이드 5 마스터십
383,축구를 하며 생각한 것들 (리커버 에디션)
384,코스모스
385,거의 모든 일상 표현의 영어
386,2023 임용 면접 레시피 기본서
387,"2022 큰별쌤 최태성의 별별한국사 한국사능력검정시험 심화(1, 2, 3급) 상"
388,잘될 수밖에 없는 너에게
389,달러구트 꿈 백화점 (레인보우 에디션)
390,센스 있는 영어 표현
391,눈아이
392,마음의 법칙
393,"어서 오세요, 휴남동 서점입니다"
394,꽃을 보듯 너를 본다
395,읽으면서 바로 써먹는 어린이 급수 한자 6·7·8급
396,클루지
397,달러구트 꿈 백화점 2 (레인보우 에디션)
398,돈 버는 절대 회계
399,Go Go 카카오프렌즈 26 폴란드
400,진짜 쓰는 실무 엑셀
401,아파트 투자는 사이클이다
402,재벌집 막내아들 1
403,웰씽킹 WEALTHINKING
404,"다정한 말, 단단한 말"
405,똥볶이 할멈 4
406,최재천의 공부
407,"2022 큰별쌤 최태성의 별별한국사 한국사능력검정시험 심화(1, 2, 3급) 하"
408,숲속의 담 6 
409,그리스 로마 신화 31
410,오십에 읽는 논어 (15만 부 기념 리커버 에디션)
411,오늘부터 시작하는 건강 일력 365
412,복잡한 세상을 이기는 수학의 힘
413,이기적 유전자 The Selfish Gene
414,나의 월급 독립 프로젝트 (리마스터 에디션)
415,부의 추월차선 (10주년 스페셜 에디션)
416,"우리, 편하게 말해요"
417,타이탄의 도구들 (블랙 에디션)
418,스킵과 로퍼 3 
419,조셉 머피 부의 초월자
420,엉뚱한 기자 김방구
421,사람을 얻는 지혜
422,거꾸로 읽는 세계사
423,재벌집 막내아들 2
424,불안
425,눈에 보이지 않는 지도책
426,염증 해방
427,"총, 균, 쇠"
428,계속 가보겠습니다
429,재벌집 막내아들 3
430,2023 엑시트 플래너 [브라운]
431,이토록 공부가 재미있어지는 순간
432,멘탈을 바꿔야 인생이 바뀐다
433,흔한남매 이상한 나라의 고전 읽기 2
434,하나님의 숨결
435,"2023 이기적 운전면허 필기 문제은행 1,2종 공통"
436,보이지 않는 곳에서 애쓰고 있는 너에게
437,재벌집 막내아들 4
438,천문학자는 별을 보지 않는다
439,인간 실격
440,재벌집 막내아들 5
441,부동산 변곡점이 왔다 
442,올리버쌤의 미국식 아이 영어 습관 365
443,지적 대화를 위한 넓고 얕은 지식 제로
444,머니 파워
445,만화 이번 생은 가주가 되겠습니다 1부. 1-2권 한정판 세트 
446,부동산 트렌드 2023
447,주식투자 최적의 타이밍을 잡는 법
448,아몬드
449,원청
450,이토록 평범한 미래
451,사이언스 2023 
452,지적 대화를 위한 넓고 얕은 지식 2
453,해커스 일본어 첫걸음 : 일본어 기초 20일 독학 완성!
454,참 괜찮은 태도
455,어떻게 말해줘야 할까
456,오은영의 화해
457,흔한남매 11
458,커다란 크리스마스트리가 있었는데
459,어린이를 위한 역사의 쓸모 1
460,2023 사이다 면접 
461,어른의 문해력
462,다정한 것이 살아남는다
463,"밥 챙겨 먹어요, 행복하세요 "
464,종의 기원
465,나 혼자만 알고 싶은 실전 심리학 
466,내가 알고 있는 걸 당신도 알게 된다면 (리커버 에디션) 
467,이코노미스트 2023 세계대전망 
468,부자의 그릇
469,거인의 어깨 1
470,멘탈리티 
471,흔한남매의 흔한 호기심 7
472,설민석의 한국사 대모험 22
473,야쿠자의 덕질 2 
474,초역 니체의 말
475,작은 땅의 야수들
476,아기 다람쥐의 크리스마스
477,거의 모든 행동 표현의 영어
478,돈의 심리학
479,2023 임용 면접 레시피 기출문제집
480,회복탄력성
481,체리새우 : 비밀글입니다
482,유난한 도전
483,"어느 날, 내 죽음에 네가 들어왔다 "
484,"나태주, 시간의 쉼표"
485,마법천자문 55 
486,임신 출산 육아 대백과
487,오은영 박사가 전하는 금쪽이들의 진짜 마음속 
488,퀀트 투자 무작정 따라하기
489,기분을 관리하면 인생이 관리된다
490,어린이를 위한 역사의 쓸모 3
491,만화 악역의 엔딩은 죽음뿐 5 한정판 
492,ETS 토익 기출 VOCA  출제기관 공식수험서
493,"돈, 뜨겁게 사랑하고 차갑게 다루어라"
494,백만장자를 위한 공짜 음식 1
495,미드나잇 라이브러리 : 평행우주 에디션
496,공정하다는 착각
497,인생의 허무를 어떻게 할 것인가
498,100세 철학자의 행복론
499,아비투스
500,착한 아이 버리기 
501,모순
502,밥 프록터 생각의 시크릿 
503,데미안
504,나의 문화유산답사기 11 : 서울편 3  
505,지구 끝의 온실
506,너무 잘하려고 애쓰지 마라
507,노마드 투자자 서한
508,심판
509,기분대로 아이를 키우지 않겠습니다 
510,소크라테스 익스프레스
511,나는 오래된 거리처럼 너를 사랑하고
512,헤어질 결심 각본
513,블루 아카이브 코믹 앤솔로지 Vol.1&amp;Vol.2 세트
514,"출근길엔 니체, 퇴근길엔 장자"
515,아들의 뇌
516,발타자르 그라시안의 인생 수업
517,죽이고 싶은 아이
518,정리하는 뇌
519,미움받을 용기
520,지리의 힘
521,어린이를 위한 역사의 쓸모 2
522,세계 철학 필독서 50
523,밝은 밤
524,2023 에듀윌 사회복지사 1급 단원별 기출문제집
525,흔한남매 과학 탐험대 5 물리 1 
526,5번 레인
527,알사탕
528,흔한남매 이상한 나라의 고전 읽기 1 
529,거인의 어깨 2
530,망그러진 만화
531,하루 한 장 365 인문학 달력
532,구의 증명
533,슬픔이 택배로 왔다
534,나는 당신이 행복했으면 좋겠습니다
535,강성태 66일 영어회화
536,부동산을 공부할 결심
537,마마랜스의 일상 니트
538,백만장자를 위한 공짜 음식 2
539,"칵테일, 러브, 좀비"
540,원피스 ONE PIECE 103
541,나미야 잡화점의 기적
542,사람을 얻는 지혜 
543,지리의 힘 2
544,세계를 건너 너에게 갈게
545,정재승의 인간탐구보고서 10
546,빠르게 실패하기
547,미키7
548,하루 교양 공부
549,잘했고 잘하고 있고 잘 될 것이다 (스페셜 리미티드 에디션)
550,백년허리2 치료편
551,나의 히어로 아카데미아 36 더블특전판
552,해커스 토익 스타트 RC Reading (리딩)
553,고통의 비밀
554,방구석 미술관
555,옆집 천사님 때문에 어느샌가 인간적으로 타락한 사연 6 
556,정의란 무엇인가
557,푸른 사자 와니니 5
558,가재가 노래하는 곳
559,내 마음의 위험한 녀석 7 초판 한정판 
560,나의 문화유산답사기 12 : 서울편 4 
561,10배의 법칙
562,2022 큰별쌤 최태성의 별별한국사 기출 500제 한국사능력검정시험 심화
563,프레임
564,기분이 태도가 되지 않게
565,소리튠 영어혁명
566,순례 주택
567,타인의 마음
568,언어를 디자인하라 
569,푸른 사자 와니니 4
570,생각하라 그리고 부자가 되어라
571,에이든 국내여행 가이드북
572,테스터
573,한계선을 넘다
574,의사 어벤저스 10
575,신기한 맛 도깨비 식당 3
576,백년허리1 진단편
577,여행의 이유
578,‘한 번 더’의 힘
579,오싹오싹 크레용!
580,멘탈의 연금술
581,설전도 수련관 1
582,한경아르떼 합스부르크 600년 매혹의 걸작들 100배 즐기기
583,세상 쉽고 맛있는 튼이 이유식 
584,포켓몬스터 썬&amp;문 포켓몬 전국대도감
585,기억 전달자
586,찰리 멍거 바이블 
587,돌봄과 작업
588,백년운동
589,ETS 토익 단기공략 750+ (LC+RC)
590,교실 속 갈등상황 100문 101답
591,나는 논어를 만나 행복해졌다
592,50 대 50
593,일놀놀일
594,꿈은 모르겠고 돈이나 잘 벌고 싶어
595,비상식적 성공 법칙
596,부의 인문학 (20만부 기념 개정증보판)
597,고양이 해결사 깜냥 4
598,혼자 공부하는 파이썬
599,산타클로스와 산타 마을의 일 년
600,10대 놀라운 뇌 불안한 뇌 아픈 뇌
601,외사랑
602,벌거벗은 한국사 : 사건편 
603,코믹 어느 날 공주가 되어버렸다 8
604,위풍당당 여우 꼬리 3
605,저스트.킵.바잉.
606,들으면서 익히는 클래식 명곡
607,마지막 이야기 전달자
608,유럽 도시 기행 2
609,아주 오랜만에 행복하다는 느낌
610,2023 시나공 총정리 컴퓨터활용능력 1급 필기
611,착! 붙는 일본어 독학 첫걸음 
612,보도 섀퍼의 돈
613,가녀장의 시대
614,마지막 몰입 : 나를 넘어서는 힘
615,마음챙김의 시
616,호암자전
617,사지 않는 생활 
618,"뇌, 욕망의 비밀을 풀다"
619,환자 혁명
620,단순한 열정
621,박철범의 하루 공부법
622,50센티 더 가까워지는 선물보다 좋은 말
623,데이터는 어떻게 인생의 무기가 되는가
624,설중환 교수와 함께 배우는 한자성어 2 
625,장수탕 선녀님
626,2023 사이다 수업
627,코믹 어느 날 공주가 되어버렸다 9 
628,흔한남매 과학 탐험대 1 우주
629,역사의 쓸모
630,"내일, 내가 다시 좋아지고 싶어"
631,흔한남매 10
632,똑게육아
633,벌거벗은 한국사 : 인물편 
634,아들에게는 아들의 속도가 있습니다 
635,2023 써니 행정법총론 기출문제집
636,우리가 빛의 속도로 갈 수 없다면
637,예의 없는 친구들을 대하는 슬기로운 말하기 사전
638,마법의 투자 시나리오 
639,어디 있을까? 숨은그림찾기 1000
640,28시간에 끝내는 토익스피킹 스타트
